Idx,Image,CI,CI Actual Length,CI Estimated Length ,Error
1,P100013DVLa,MedEl Synchrony Medium,20.90,20.73,0.17
2,P100013DVRa,MedEl Synchrony Medium,20.90,20.95,-0.05
3,P100015DVLa,MedEl Synchrony Medium,20.90,20.96,-0.06
4,P100016DVLa,MedEl Synchrony Medium,20.90,20.44,0.46
5,P100017DVRa,MedEl Synchrony Medium,20.90,20.24,0.66
6,P100018DVRa,MedEl Synchrony Medium,20.90,20.98,-0.08
7,P100019DVRa,MedEl Synchrony Medium,20.90,21.15,-0.25
8,P100030DVLa,MedEl Synchony Flex28,23.10,23.17,-0.07
9,P100031DVRa,MedEl Synchony Flex28,23.10,23.46,-0.36
10,P100010DVLa,MedEl Synchrony PIN Medium,20.90,20.76,0.14
