idx,Ref,Modality ,NumberOfImages,MinimumLength,MaximumLength,AverageLength
1,\citelit{Retzius1884},Histology,5,32,34,33.5
2,\citelit{Hardy38}  ,Histology,68,25.6,35.46,31.6
3,\citelit{Walby85} ,Histology,20,30.1,36.4,32.6
4,\citelit{Pollak87},Histology,9,24,33.5,28.4
5,\citelit{Ulehlova87} ,Histology,50,28,40.1,34.2
6, \citelit{Takagi89},Histology,1,NA,NA,36.4
7,\citelit{Sato91} ,Histology,18,32.7,43.2,38.6
8,\citelit{Kawano96},Histology,8,37.9,43.8,40.8
9,\citelit{Kawano96},Histology,8,34.15,37.9,35.6
10,\citelit{Ketten98},Spiral CT,20,29.5,37.5,33.01
11,\citelit{Escude06} ,CT,42,30.8,37.4,34.4
12,\citelit{Stakhovskaya07} ,Histology,9,30.5,36.87,33.11
13,\citelit{Sobrinho09} ,MR,6,17,26.5,NA
14,\citelit{Connor09} ,CT  MR,19,8.3,10.4,9.36
15,\citelit{Erixon11} ,Plastic molds,325,38.6,45.6,42
16, \citelit{Rask12},Plastic molds,51,37.6,44.9,41.2
17,\citelit{Weurfel14},CBCT,218,30.8,43.2,37.9
18,\citelit{Jagt17} ,CT,242,30.3,41.5,35.1
19,\citelit{Rivas17} ,CT,275,32.7,34.1,NA
